{
  "total_ground_truths": 42596,
  "true_positives": 2156,
  "false_positives": 18196,
  "precision": 0.1059355345859898,
  "recall": 0.050615081227096084,
  "f1": 0.0685005473761137,
  "iou_threshold": 0.5
}